user_id,kmeans_cluster
23557,4
94883,0
101486,1
101961,0
106907,4
118043,4
120851,0
125845,3
133058,4
149058,0
152583,0
153982,0
160754,0
164522,0
167852,0
171470,1
174997,0
175032,4
181157,3
182191,0
187212,0
189676,0
190866,0
195192,0
204943,0
204997,3
205044,4
206011,0
216796,1
217114,0
217136,0
220725,0
224996,0
226367,0
228195,0
228872,0
229009,3
229108,0
229330,0
232647,1
249521,0
252835,3
258451,0
264470,0
276512,0
281952,4
283325,0
290123,0
297546,0
298253,3
299476,0
306165,0
306819,0
312488,0
313724,0
316527,0
317688,0
322867,0
324191,0
328590,0
330764,0
330893,0
331039,0
334787,3
337227,0
338086,0
340166,0
343928,1
347778,4
348817,4
348863,0
349132,3
350648,0
353271,0
353694,3
354050,0
354260,0
354311,0
354950,0
356046,4
357737,0
359072,0
359080,0
359653,4
361459,0
361759,0
363535,0
365825,0
371201,0
372970,0
373489,0
374331,0
374340,0
374341,0
375160,0
375729,3
375751,0
376159,0
377069,0
377411,0
378565,3
379543,0
380434,3
380436,0
380757,0
380874,4
380949,4
381259,0
381465,0
382181,0
382384,0
382533,0
385689,0
386255,0
386469,0
386914,4
387282,4
387783,0
388328,0
388767,0
388947,3
389434,3
389662,0
389759,3
390811,0
392453,0
395202,0
395981,0
396552,0
399137,0
399218,0
399799,0
400275,3
400582,0
400899,0
401245,0
402332,3
402978,0
403881,4
404879,4
405305,0
406210,0
407118,0
407250,0
407275,0
407434,0
407642,0
408551,0
409073,0
411179,1
411701,0
413128,3
413340,0
413418,0
413658,4
414128,0
415282,4
415381,0
415581,0
416319,0
416580,0
417679,3
418329,0
418488,0
418692,3
420648,3
420669,0
421247,4
421515,0
421666,0
421700,3
421870,3
422066,0
422668,0
423042,0
423413,0
424553,0
425632,0
425653,0
425953,4
425966,0
426478,0
427426,0
427506,0
428056,0
428552,3
428858,0
429345,0
429375,0
430722,0
431144,4
431337,0
431602,3
431746,0
431899,0
431912,0
432333,0
432637,4
432941,0
433080,0
433339,0
433905,0
434238,0
434623,4
435231,0
435596,0
435669,0
435837,0
435882,0
436320,0
436894,0
437069,4
437162,0
437251,0
437539,0
437549,4
438189,0
438406,0
438551,4
438596,0
438839,3
438937,4
438985,0
438995,0
439052,0
439120,0
439363,0
440212,0
440655,4
441200,0
441205,0
441448,0
441457,4
441982,3
442484,3
442718,3
442812,0
442819,0
442833,0
443305,0
443453,3
443598,4
443652,0
444387,4
444885,0
445351,0
445515,0
446124,0
446138,4
446473,0
446933,3
447053,0
447591,0
447737,0
447951,0
448025,0
448154,0
448295,0
448467,0
448564,0
449033,0
449326,0
449619,4
449804,0
449980,0
450164,0
450193,3
450305,4
450615,0
451291,1
451674,0
452034,0
452532,3
452594,0
452612,0
453143,0
453168,0
454264,0
454430,0
454616,0
454661,3
454920,3
454934,3
454955,0
456226,0
456318,0
456663,0
456671,0
457468,3
457599,4
457967,0
458479,3
458688,0
458725,0
458762,0
458814,0
458855,0
458919,0
459229,4
459486,0
459645,0
460072,0
460181,0
460553,0
460625,0
461559,0
461744,0
461791,3
462127,0
462456,0
462894,0
463652,0
463698,0
463783,0
463867,0
463910,0
464080,0
464160,3
464239,0
464542,0
464597,0
464614,0
464673,0
464782,4
464855,3
465138,0
465343,0
465531,0
465568,4
465731,0
466205,0
466342,0
466723,0
467007,3
467092,0
467339,0
467809,4
467892,0
468106,0
468370,0
468409,0
468666,3
468801,3
468808,3
468832,0
469237,0
469418,3
469440,0
469464,0
469699,0
469767,0
469824,0
471077,3
471161,0
471186,0
471500,0
471565,0
471649,0
471687,0
471717,0
471935,0
471946,0
471973,0
472394,0
472446,0
472614,0
472713,4
472785,0
472966,0
473332,4
473343,0
473402,0
473467,0
473568,3
473712,3
473847,3
474007,0
474120,0
474239,0
474261,0
474278,0
474384,3
474464,1
474546,4
474951,3
474980,3
475060,0
475130,0
475467,4
475531,0
476081,0
476104,0
476124,0
476173,0
476270,4
476393,0
476436,0
476535,0
476665,3
476693,0
476714,4
476742,4
476916,0
476956,0
477285,0
477316,0
477597,3
477730,4
477805,0
478003,0
478146,0
478188,0
478228,0
478291,0
478533,0
478585,0
478760,2
478801,0
478834,0
479071,0
479078,0
479101,0
479254,4
479524,0
479785,0
480186,0
480313,0
480331,3
480690,0
480796,0
480877,4
480895,0
480975,0
481050,0
481245,3
481292,0
481358,0
481554,0
481622,0
481772,0
481781,0
482264,0
482335,0
482424,3
482548,0
482602,0
482621,0
482630,0
482744,0
482811,0
483224,0
483237,0
483345,0
483480,4
483483,0
483525,0
483603,0
483928,0
483982,0
484249,0
484342,0
484418,0
484987,0
485149,0
485260,0
485393,0
485505,0
485518,0
485536,0
485544,3
485591,4
485658,0
485780,4
485785,0
485891,0
485894,0
486046,0
486113,3
486191,0
486261,3
486268,0
486270,0
486366,0
486447,0
486454,0
486605,0
486671,0
486751,4
486823,0
487002,0
487036,0
487040,3
487101,0
487276,0
487352,0
487453,4
487637,0
487680,4
487715,3
487858,0
487954,0
488009,0
488099,0
488246,0
488314,4
488410,0
488430,4
488462,0
488480,0
488511,0
488529,4
488539,0
488672,4
488827,4
488865,0
488870,0
488918,4
488974,0
489096,0
489131,0
489575,0
489635,3
489661,0
489730,0
489785,0
489786,0
489802,0
489844,0
489852,0
489949,3
489953,4
489992,0
490040,3
490107,3
490133,0
490201,0
490348,0
490358,0
490517,0
490576,4
490608,0
490629,0
490671,0
491003,3
491124,0
491141,3
491175,0
491182,0
491241,0
491266,0
491559,0
491597,3
491617,3
491706,0
491772,3
491925,0
491930,0
491995,0
492209,0
492211,0
492287,0
492371,0
492497,0
492614,0
492999,0
493177,4
493409,0
493476,0
493718,4
494294,0
494374,0
494382,0
494441,0
494463,0
494484,3
494590,4
494630,0
494680,4
494704,0
494985,0
495029,3
495042,0
495080,4
495272,0
495273,4
495386,3
495482,0
495592,0
495603,0
495727,0
496016,0
496074,0
496273,0
496286,0
496332,3
496382,0
496408,0
496566,0
496899,0
496972,0
497042,3
497077,0
497108,0
497225,3
497475,0
497615,0
497678,0
497680,4
497829,0
497915,0
498154,0
498199,0
498287,0
498298,0
498357,3
498363,0
498500,3
498574,0
498607,3
498665,0
498857,0
498931,0
499028,0
499038,0
499252,0
499313,0
499366,0
499375,0
499379,4
499461,0
499475,0
499633,0
499634,0
499659,0
499669,0
499751,0
499760,0
499780,0
499810,0
499847,0
499969,0
499979,0
499990,0
500078,0
500196,0
500243,1
500257,0
500288,0
500299,0
500493,0
500532,0
500646,4
500745,0
500773,0
500791,0
500828,0
500972,0
500974,0
501087,0
501125,0
501184,0
501322,0
501344,0
501436,3
501512,4
501708,0
501735,0
501764,0
501780,0
501794,4
501817,0
501830,0
501897,0
501947,3
502063,0
502145,3
502210,0
502212,3
502353,0
502412,3
502435,3
502444,0
502609,0
502626,0
502799,0
502819,0
502826,0
502847,0
502850,0
502875,0
502995,0
503042,0
503049,0
503058,0
503126,0
503161,0
503277,0
503342,0
503418,0
503483,0
503621,0
503760,0
503773,0
503918,0
503928,0
503945,3
503973,0
504081,0
504133,0
504240,3
504299,3
504320,0
504371,0
504435,4
504473,0
504579,0
504610,0
504665,0
504669,0
504786,0
504859,0
504892,4
504916,0
504936,0
504945,4
505062,4
505066,0
505172,0
505230,0
505285,4
505289,0
505358,0
505414,0
505498,0
505617,3
505667,0
505680,0
505713,0
505747,0
505771,0
505854,0
505916,0
505933,0
505941,0
506013,1
506130,4
506186,0
506234,3
506250,0
506347,0
506427,0
506611,0
506652,0
506675,0
506704,3
506777,0
506807,3
506828,0
506837,0
506858,0
506990,0
507036,0
507133,0
507207,0
507273,0
507376,0
507395,0
507431,4
507435,0
507505,0
507513,0
507531,0
507557,0
507573,0
507617,0
507728,0
507732,0
507753,0
507759,3
507773,0
507805,4
508050,0
508096,3
508111,0
508144,3
508153,4
508240,3
508360,0
508367,3
508497,0
508512,0
508546,0
508611,0
508625,0
508693,0
508713,3
508731,0
508829,0
508848,0
508849,0
508856,0
508857,0
508860,0
508866,0
508877,0
508891,0
508892,3
508901,0
508912,0
508917,0
508923,2
508938,0
508940,0
508944,0
508946,0
508964,0
508973,0
509001,0
509024,0
509036,0
509052,0
509061,3
509069,0
509098,0
509115,1
509119,0
509157,0
509160,0
509162,0
509202,0
509221,0
509242,0
509272,0
509278,0
509282,3
509302,0
509316,0
509324,0
509341,0
509346,0
509353,0
509354,0
509359,4
509402,0
509411,3
509413,0
509414,0
509419,0
509421,0
509435,0
509445,0
509453,0
509454,0
509459,0
509467,0
509498,0
509515,4
509516,0
509530,0
509552,0
509598,3
509603,0
509626,0
509635,0
509638,0
509645,0
509681,0
509712,0
509713,0
509717,0
509749,3
509763,3
509765,4
509781,0
509822,0
509826,0
509841,0
509855,0
509876,0
509892,0
509903,3
509919,0
509924,0
509933,0
509969,0
509990,0
510003,0
510022,0
510044,3
510048,0
510061,3
510067,0
510070,4
510078,0
510079,0
510081,0
510090,0
510093,0
510094,0
510104,0
510108,0
510112,0
510114,3
510134,4
510155,0
510156,0
510163,0
510164,3
510170,0
510172,4
510179,0
510185,0
510188,0
510195,0
510198,3
510213,0
510215,0
510219,0
510227,0
510238,0
510239,0
510243,0
510257,0
510270,0
510283,0
510315,0
510316,0
510326,4
510328,0
510343,4
510356,0
510365,0
510369,0
510379,0
510393,0
510418,0
510423,0
510449,0
510452,4
510459,0
510490,0
510494,3
510511,0
510533,0
510537,0
510543,0
510545,0
510558,1
510570,0
510571,4
510575,0
510580,0
510582,0
510585,0
510586,0
510610,0
510618,0
510676,0
510686,3
510694,0
510700,0
510707,0
510719,0
510733,0
510754,3
510779,0
510805,0
510815,0
510822,4
510828,0
510836,0
510841,0
510890,0
510899,0
510944,0
510946,0
510953,0
510960,0
510961,3
510972,3
511017,0
511055,0
511066,0
511093,4
511122,0
511125,0
511126,4
511140,0
511142,0
511145,0
511148,4
511160,0
511178,4
511195,0
511208,0
511219,0
511223,4
511238,0
511260,0
511298,0
511314,0
511326,3
511328,0
511331,4
511364,0
511377,0
511379,0
511397,0
511398,4
511399,0
511418,3
511424,0
511433,0
511440,0
511455,0
511469,0
511489,4
511502,0
511504,0
511535,0
511542,3
511549,0
511552,3
511554,0
511560,3
511567,0
511568,0
511570,0
511577,3
511578,0
511587,0
511589,0
511608,0
511609,4
511613,0
511638,0
511665,3
511666,0
511677,0
511680,0
511697,4
511712,0
511726,0
511739,0
511757,0
511762,0
511764,0
511772,0
511778,0
511783,0
511784,1
511800,4
511803,0
511805,0
511809,0
511811,0
511821,0
511827,0
511851,0
511859,0
511860,0
511862,0
511878,0
511884,0
511902,4
511910,0
511916,3
511923,0
511936,0
511943,4
511977,0
511989,0
511996,0
511998,0
512009,0
512010,0
512016,0
512024,0
512028,0
512060,0
512063,3
512069,3
512078,0
512099,4
512103,1
512144,0
512147,0
512148,0
512163,4
512173,0
512190,0
512193,0
512197,0
512201,0
512204,4
512243,0
512249,0
512266,0
512271,0
512283,0
512289,0
512294,0
512295,0
512301,0
512302,4
512303,0
512305,0
512322,3
512329,3
512362,0
512377,0
512392,3
512397,0
512402,0
512416,0
512418,0
512419,0
512440,0
512443,4
512447,1
512463,0
512495,0
512529,0
512536,0
512552,3
512556,0
512558,0
512587,0
512589,0
512596,0
512598,0
512610,3
512623,0
512628,0
512631,4
512655,1
512671,0
512677,0
512680,0
512691,0
512693,0
512695,0
512696,0
512704,0
512706,4
512780,4
512786,0
512787,4
512791,3
512801,0
512826,0
512831,0
512835,3
512846,0
512848,0
512880,0
512887,3
512888,0
512900,3
512904,0
512922,4
512928,1
512943,0
512945,0
512974,0
512976,0
512984,0
512999,0
513004,0
513005,0
513006,0
513026,0
513030,0
513031,0
513058,0
513089,0
513090,3
513091,0
513093,4
513096,0
513103,0
513126,3
513138,0
513164,0
513206,0
513216,0
513220,3
513221,0
513227,0
513233,0
513236,0
513237,0
513241,0
513242,3
513259,0
513261,0
513289,0
513296,0
513317,0
513322,0
513338,0
513339,0
513345,0
513347,0
513366,0
513381,0
513387,0
513397,0
513402,0
513408,1
513422,0
513425,0
513438,0
513441,0
513470,0
513495,4
513497,0
513509,0
513543,0
513546,0
513555,0
513568,0
513569,0
513582,0
513602,0
513611,0
513613,4
513620,0
513625,0
513627,0
513628,0
513638,0
513659,0
513661,0
513683,0
513714,0
513721,0
513742,0
513761,0
513776,0
513787,3
513791,3
513796,0
513800,0
513807,0
513823,0
513826,3
513844,0
513853,0
513856,0
513860,0
513869,0
513875,0
513917,0
513926,0
513933,0
513953,0
513956,3
513964,0
513967,0
513995,0
514002,0
514003,0
514021,4
514023,0
514053,0
514071,0
514076,0
514113,0
514132,0
514133,0
514164,0
514167,0
514206,0
514208,0
514210,0
514215,4
514235,0
514261,4
514275,0
514289,0
514300,0
514315,0
514318,3
514324,0
514337,4
514342,0
514344,3
514370,3
514384,0
514395,0
514457,0
514460,0
514461,0
514501,0
514503,0
514515,0
514526,4
514551,4
514586,0
514589,0
514617,3
514623,0
514627,0
514638,3
514639,0
514642,0
514660,0
514675,0
514682,0
514684,0
514689,0
514737,0
514785,0
514810,0
514830,0
514867,0
514876,0
514892,0
514893,0
514899,4
514925,0
514926,0
514931,0
514944,0
514951,0
514953,0
514980,4
514981,0
515004,0
515013,0
515020,0
515030,0
515051,4
515058,0
515060,0
515085,0
515103,0
515124,0
515131,0
515139,0
515161,0
515168,0
515182,0
515198,0
515200,0
515202,0
515205,0
515229,4
515240,0
515243,0
515258,4
515271,0
515274,0
515306,0
515330,0
515344,3
515398,0
515409,3
515421,0
515423,0
515436,0
515478,0
515490,0
515502,4
515514,0
515516,0
515523,0
515529,0
515530,0
515565,0
515578,3
515580,0
515586,0
515610,1
515634,0
515639,3
515645,0
515666,0
515675,3
515684,0
515688,0
515694,0
515713,3
515727,4
515735,0
515739,0
515751,0
515764,0
515778,0
515802,0
515818,0
515831,0
515835,0
515854,0
515874,0
515891,0
515901,0
515908,0
515941,0
515947,0
515953,3
515974,0
515985,0
516001,0
516004,0
516006,0
516039,0
516053,0
516057,4
516061,0
516076,0
516086,0
516089,0
516092,0
516105,0
516117,0
516118,3
516127,0
516132,0
516144,0
516150,0
516152,0
516176,0
516177,0
516178,3
516211,0
516216,0
516217,0
516243,0
516246,3
516251,0
516269,3
516273,0
516282,0
516283,3
516287,0
516290,0
516296,0
516301,0
516340,0
516351,0
516368,0
516375,3
516418,3
516420,0
516433,0
516456,0
516507,0
516516,0
516528,3
516543,0
516556,0
516561,0
516571,4
516578,0
516579,0
516583,0
516590,4
516593,0
516594,0
516614,0
516616,3
516620,0
516639,3
516647,0
516679,0
516680,0
516682,0
516694,0
516697,0
516704,4
516732,0
516739,0
516744,0
516763,0
516765,0
516789,0
516798,0
516806,4
516808,0
516827,4
516833,0
516841,3
516862,0
516933,0
516939,0
516965,3
516967,0
516972,3
517033,0
517061,0
517064,0
517076,0
517105,0
517119,0
517131,0
517142,0
517143,0
517150,3
517158,0
517205,0
517212,0
517219,0
517231,0
517284,0
517324,0
517330,0
517356,0
517370,0
517392,0
517393,0
517397,0
517403,4
517415,0
517438,4
517445,0
517467,3
517486,0
517491,0
517543,0
517545,3
517548,0
517549,3
517571,3
517579,3
517581,0
517596,0
517622,0
517633,4
517653,0
517674,0
517675,0
517676,0
517700,0
517715,0
517732,3
517735,3
517739,0
517743,0
517772,0
517776,0
517787,0
517803,4
517819,0
517825,0
517839,0
517847,0
517871,0
517894,0
517898,0
517925,0
517931,0
517961,0
517967,0
517968,0
518012,0
518015,0
518041,0
518044,0
518074,0
518084,0
518092,0
518121,3
518127,0
518135,0
518191,0
518196,0
518211,0
518219,0
518281,3
518324,0
518334,4
518338,0
518347,0
518348,3
518354,0
518372,3
518393,0
518406,0
518416,3
518422,0
518443,4
518450,0
518480,3
518495,0
518516,0
518526,0
518527,3
518533,0
518535,0
518541,3
518567,0
518579,0
518582,0
518585,3
518612,4
518628,0
518629,0
518639,0
518642,0
518645,0
518694,0
518696,0
518711,0
518716,0
518722,0
518726,0
518735,0
518743,0
518747,0
518751,0
518756,0
518826,0
518827,0
518865,0
518866,0
518867,0
518870,0
518894,0
518896,0
518907,3
518922,0
518925,0
518931,0
518954,1
518956,4
518963,0
518971,0
518998,0
519014,0
519059,3
519079,0
519089,0
519091,0
519096,0
519114,0
519117,3
519137,0
519140,0
519171,0
519191,0
519205,0
519210,0
519211,0
519248,0
519254,4
519260,0
519267,0
519285,0
519312,0
519313,0
519335,0
519348,0
519353,0
519357,0
519368,0
519383,0
519392,0
519393,0
519406,0
519412,0
519419,0
519430,0
519446,0
519469,4
519515,3
519529,0
519532,0
519541,0
519548,0
519554,0
519561,0
519595,3
519596,0
519604,0
519626,0
519631,4
519664,0
519687,0
519694,0
519695,0
519706,0
519709,0
519718,0
519722,0
519725,0
519726,0
519747,0
519769,4
519774,4
519787,0
519799,3
519846,3
519848,0
519853,0
519859,3
519885,0
519888,4
519893,0
519896,4
519897,0
519905,0
519911,0
519912,0
519943,0
519955,3
519957,0
519961,0
519965,3
519982,0
520054,0
520063,0
520097,0
520106,0
520141,0
520152,0
520170,0
520175,0
520177,0
520182,0
520188,4
520193,0
520225,3
520244,0
520248,0
520250,0
520256,0
520265,0
520277,0
520291,0
520298,3
520307,4
520311,0
520314,0
520327,3
520358,0
520373,0
520397,0
520405,0
520411,0
520422,3
520429,0
520436,0
520440,0
520480,3
520491,0
520497,1
520527,0
520530,0
520532,0
520539,0
520556,0
520558,0
520561,0
520603,0
520619,3
520680,3
520696,0
520708,0
520719,0
520733,0
520745,0
520762,0
520770,0
520771,0
520780,0
520783,0
520804,0
520819,0
520821,0
520844,0
520851,0
520861,0
520877,0
520878,3
520882,0
520885,0
520898,0
520902,0
520920,0
520934,1
520947,0
520959,0
521000,0
521004,0
521009,0
521031,0
521033,0
521044,0
521060,0
521062,0
521065,4
521066,0
521070,4
521109,0
521127,4
521152,0
521170,0
521185,4
521186,4
521187,0
521192,3
521201,0
521211,0
521212,3
521235,3
521250,3
521259,0
521282,0
521286,0
521293,4
521295,3
521298,0
521309,0
521316,0
521331,0
521335,0
521343,0
521379,0
521392,0
521404,0
521408,3
521416,0
521434,3
521462,0
521474,0
521491,4
521509,0
521510,0
521514,0
521587,0
521607,3
521609,0
521642,0
521657,0
521658,0
521663,0
521695,0
521708,0
521719,0
521720,0
521743,0
521748,0
521768,0
521785,0
521814,4
521818,0
521859,0
521865,0
521883,3
521884,0
521885,0
521904,0
521921,0
521925,3
521941,0
521943,0
521956,0
521963,0
521986,0
521992,3
521997,0
522001,0
522005,0
522062,0
522086,3
522111,0
522112,0
522115,4
522118,0
522134,0
522152,0
522171,0
522179,3
522184,0
522201,0
522223,0
522233,3
522237,0
522263,3
522265,0
522276,0
522286,0
522315,0
522323,0
522364,0
522373,0
522375,4
522387,0
522402,0
522420,0
522426,0
522427,3
522438,0
522441,0
522445,0
522457,0
522465,3
522476,0
522484,0
522513,0
522523,0
522532,0
522533,0
522585,4
522607,4
522624,0
522631,0
522633,0
522634,4
522639,0
522654,3
522687,0
522738,0
522745,0
522748,4
522761,0
522788,0
522800,0
522809,0
522873,0
522898,0
522911,0
522927,0
522937,4
522939,0
522943,0
522944,3
522970,3
522981,4
522999,0
523030,0
523057,0
523073,0
523077,0
523090,3
523098,3
523146,3
523158,0
523209,0
523228,3
523231,0
523256,0
523271,0
523273,0
523290,0
523299,0
523301,0
523335,0
523338,0
523392,0
523395,0
523442,0
523454,4
523465,0
523474,0
523484,3
523503,0
523505,0
523511,3
523513,0
523517,0
523526,0
523546,0
523559,0
523612,0
523619,0
523657,0
523666,3
523686,0
523690,0
523700,4
523710,0
523715,0
523717,4
523729,0
523735,3
523746,3
523756,0
523768,0
523771,0
523787,0
523800,0
523807,0
523819,4
523824,0
523841,0
523842,4
523845,3
523846,0
523860,0
523866,0
523877,0
523887,0
523913,0
523938,0
523981,0
524001,0
524012,0
524031,0
524036,0
524038,0
524043,4
524046,0
524052,4
524057,0
524076,0
524080,0
524098,0
524116,0
524120,3
524151,0
524167,0
524169,0
524172,0
524180,4
524194,0
524200,0
524211,0
524214,0
524226,3
524244,0
524251,0
524278,0
524313,0
524318,0
524328,0
524358,0
524365,0
524383,0
524407,0
524412,4
524419,0
524448,0
524473,1
524484,0
524511,0
524572,0
524606,0
524607,0
524615,0
524620,4
524628,0
524637,0
524644,0
524650,0
524663,0
524668,0
524682,0
524722,0
524728,0
524739,0
524766,0
524797,0
524805,0
524807,4
524821,0
524834,0
524842,0
524849,4
524861,0
524880,0
524885,0
524895,0
524909,0
524913,0
524923,0
524926,3
524929,0
524940,0
524980,3
525022,0
525034,0
525043,0
525053,3
525056,4
525081,0
525089,3
525102,4
525106,0
525168,0
525175,0
525176,0
525201,0
525212,0
525227,0
525234,4
525244,4
525265,0
525281,0
525308,0
525323,0
525332,0
525356,0
525377,0
525379,0
525389,0
525405,0
525410,0
525415,0
525447,4
525488,0
525515,0
525529,0
525546,0
525555,0
525591,0
525610,3
525611,0
525615,0
525631,0
525647,0
525671,0
525684,4
525716,0
525722,0
525734,0
525761,0
525769,0
525789,0
525804,0
525806,0
525824,3
525842,0
525844,3
525848,0
525864,0
525879,0
525920,0
525975,0
525996,0
526032,0
526036,0
526062,3
526079,0
526084,0
526102,1
526144,4
526154,0
526174,0
526179,0
526184,4
526203,0
526206,0
526221,0
526235,0
526239,0
526256,4
526258,0
526291,0
526297,0
526303,0
526308,0
526332,0
526354,3
526365,0
526367,0
526372,0
526378,0
526409,0
526431,0
526435,0
526443,0
526445,0
526471,4
526490,0
526492,0
526495,0
526540,0
526565,3
526570,0
526628,3
526668,0
526676,4
526683,0
526690,0
526711,3
526727,0
526729,3
526740,0
526759,0
526782,0
526789,3
526837,3
526855,0
526858,0
526867,4
526872,0
526873,4
526900,4
526901,3
526905,4
526913,3
526916,0
526925,0
526950,0
526959,0
526970,0
527001,0
527004,4
527019,4
527038,3
527046,0
527075,0
527081,0
527082,4
527109,0
527130,4
527132,0
527133,4
527141,0
527142,0
527150,0
527154,0
527158,0
527187,0
527197,0
527219,0
527232,0
527253,0
527280,0
527321,0
527326,3
527344,0
527346,0
527354,0
527359,0
527365,0
527389,0
527393,0
527396,3
527401,3
527406,0
527445,0
527451,0
527452,0
527455,0
527464,0
527467,0
527470,0
527490,3
527507,4
527508,0
527518,0
527524,0
527536,0
527541,0
527552,0
527560,0
527564,0
527585,0
527605,0
527689,0
527690,0
527726,0
527735,4
527750,0
527782,0
527783,0
527801,0
527824,0
527850,4
527857,0
527886,0
527928,0
527944,0
527945,0
527984,0
527987,0
527995,0
528020,0
528028,0
528046,0
528061,0
528098,0
528105,0
528122,0
528137,0
528139,0
528158,0
528164,0
528179,0
528186,0
528193,0
528216,0
528242,0
528244,0
528248,0
528281,3
528322,0
528330,0
528354,0
528372,0
528378,0
528379,3
528411,0
528413,0
528417,0
528421,3
528455,3
528461,0
528490,0
528500,0
528522,0
528528,0
528542,0
528567,0
528580,0
528612,0
528657,0
528661,0
528683,0
528688,0
528690,0
528706,0
528723,0
528735,0
528743,0
528744,0
528777,0
528816,0
528826,0
528827,3
528828,3
528829,0
528839,0
528842,0
528844,0
528906,0
528909,0
528929,0
528930,0
528936,0
528942,0
528953,4
528965,0
528967,0
528995,0
528999,3
529019,3
529023,0
529048,0
529050,0
529082,0
529205,0
529214,0
529216,0
529224,0
529229,0
529231,0
529237,0
529249,3
529284,0
529309,0
529332,0
529338,4
529362,0
529406,0
529420,0
529421,0
529422,0
529424,0
529428,0
529436,0
529488,3
529501,0
529502,3
529510,0
529513,0
529520,3
529566,4
529602,0
529677,0
529678,4
529689,3
529695,0
529704,0
529734,0
529737,0
529768,3
529781,0
529783,0
529787,0
529801,0
529831,0
529840,0
529845,0
529857,0
529879,0
529887,0
529913,0
529940,0
529972,3
530004,0
530039,0
530090,4
530118,0
530188,0
530196,0
530199,0
530213,0
530223,0
530240,3
530277,0
530278,0
530282,0
530298,0
530315,0
530322,0
530329,3
530365,4
530371,0
530374,0
530379,0
530383,0
530385,0
530421,3
530427,0
530453,0
530463,1
530468,0
530514,3
530543,0
530563,3
530579,0
530581,0
530585,0
530592,4
530599,0
530607,0
530625,0
530627,0
530633,0
530645,4
530649,0
530656,0
530665,0
530666,0
530667,0
530672,0
530673,0
530687,4
530719,0
530720,4
530724,0
530739,0
530743,0
530754,0
530773,3
530775,0
530797,0
530801,4
530810,0
530811,0
530833,0
530869,0
530873,0
530881,0
530906,0
530949,0
530950,0
530978,3
531006,0
531009,0
531016,0
531020,3
531027,0
531031,0
531054,4
531073,0
531094,4
531109,0
531143,3
531144,4
531158,0
531198,0
531204,0
531217,0
531253,0
531255,0
531322,0
531339,0
531344,0
531361,0
531373,0
531386,0
531427,0
531431,3
531447,0
531456,0
531467,4
531471,0
531475,0
531499,0
531500,0
531511,0
531512,0
531557,3
531562,0
531568,0
531615,0
531620,0
531625,0
531650,0
531654,0
531663,0
531670,4
531682,0
531735,0
531739,4
531744,0
531745,0
531771,1
531777,0
531789,0
531795,0
531803,0
531807,0
531824,0
531834,0
531844,0
531847,0
531857,0
531868,3
531884,0
531921,0
531926,3
531931,0
531959,0
531967,0
531971,0
531987,0
531989,3
531994,0
532063,4
532064,0
532073,0
532101,0
532106,0
532119,0
532159,0
532215,0
532225,0
532233,0
532258,0
532259,0
532279,0
532312,0
532329,0
532347,0
532361,0
532365,0
532381,3
532387,0
532388,4
532390,0
532410,0
532426,0
532432,0
532433,0
532500,0
532519,0
532535,0
532544,0
532568,0
532607,0
532622,0
532623,0
532627,0
532637,0
532650,0
532651,0
532653,0
532656,3
532705,0
532710,0
532711,0
532721,0
532725,0
532730,0
532742,0
532748,4
532750,0
532774,0
532810,0
532823,0
532835,0
532843,0
532863,0
532866,0
532901,0
532905,0
532912,3
532941,0
532989,0
533048,0
533093,0
533117,0
533123,0
533129,0
533155,3
533187,0
533199,0
533204,0
533211,0
533222,0
533248,3
533251,0
533283,0
533291,0
533302,3
533327,3
533357,0
533378,0
533388,0
533393,0
533396,4
533402,0
533404,0
533411,0
533449,0
533464,0
533490,3
533492,0
533497,0
533518,4
533527,3
533537,3
533542,0
533550,0
533573,0
533575,0
533598,0
533613,4
533617,0
533656,0
533716,0
533742,0
533755,0
533759,0
533773,3
533782,0
533809,0
533827,0
533846,0
533859,3
533895,0
533908,0
533932,1
533975,4
533985,0
533990,0
534040,0
534045,0
534066,3
534082,0
534088,0
534105,3
534179,4
534190,0
534246,0
534254,0
534295,3
534333,0
534351,4
534360,4
534378,0
534380,3
534391,3
534445,0
534474,0
534499,0
534564,0
534586,0
534594,0
534604,0
534607,0
534608,3
534661,4
534688,0
534697,3
534703,3
534742,0
534747,3
534782,0
534793,0
534798,0
534825,0
534840,4
534842,0
534858,0
534895,0
534903,0
534939,0
534948,0
534957,0
534971,3
534986,0
535003,0
535007,4
535024,0
535035,0
535047,0
535051,0
535060,0
535063,3
535081,0
535099,0
535135,0
535136,3
535149,0
535155,0
535177,4
535189,0
535229,0
535266,0
535311,0
535341,0
535365,0
535398,0
535441,0
535447,3
535459,0
535473,0
535495,0
535497,0
535502,0
535553,0
535595,0
535600,0
535610,0
535625,0
535637,0
535644,4
535682,0
535686,0
535701,0
535702,0
535706,3
535734,0
535737,0
535746,3
535747,0
535791,3
535795,4
535878,0
535879,4
535885,0
535896,0
535905,0
535906,0
535912,0
535942,0
535983,0
535994,0
536000,0
536016,0
536034,0
536035,0
536039,0
536050,0
536058,4
536066,0
536086,3
536099,0
536135,0
536170,0
536212,0
536228,0
536229,0
536241,3
536275,0
536278,0
536313,4
536343,0
536387,1
536431,0
536467,0
536469,0
536474,0
536488,0
536489,3
536490,3
536532,0
536566,0
536574,3
536594,0
536604,0
536622,0
536641,0
536651,3
536652,0
536656,3
536658,3
536659,0
536672,0
536675,0
536691,1
536695,0
536763,0
536764,0
536782,0
536791,3
536810,0
536843,0
536876,0
536893,0
536951,0
536964,0
536995,0
537038,0
537066,0
537098,3
537121,0
537123,0
537177,0
537181,0
537212,0
537227,0
537289,0
537317,0
537373,4
537393,0
537400,0
537412,0
537413,0
537414,0
537470,0
537481,0
537507,0
537560,0
537580,4
537586,4
537595,0
537659,0
537671,0
537676,3
537688,0
537723,0
537725,0
537748,0
537770,0
537776,0
537795,0
537804,0
537818,0
537819,0
537834,0
537860,0
537861,0
537904,0
537922,0
537926,0
537975,0
538069,0
538074,4
538084,0
538108,0
538112,0
538131,0
538134,0
538139,0
538147,0
538167,0
538188,3
538197,3
538214,0
538216,3
538260,0
538270,0
538274,0
538279,0
538306,0
538319,3
538321,3
538331,0
538349,0
538350,0
538388,0
538413,0
538426,0
538432,0
538438,0
538441,0
538454,0
538457,0
538458,0
538463,0
538489,0
538511,0
538522,0
538529,3
538538,3
538608,0
538638,3
538641,4
538666,0
538677,0
538680,3
538681,0
538691,0
538696,0
538703,3
538714,3
538780,0
538788,0
538814,0
538883,0
538915,0
538919,0
538944,0
538976,0
539008,0
539010,0
539012,4
539093,0
539105,0
539135,0
539140,4
539146,0
539209,4
539221,0
539243,0
539267,0
539283,0
539300,3
539304,0
539307,0
539315,0
539317,0
539320,3
539337,0
539338,0
539384,0
539414,0
539426,0
539453,0
539460,0
539493,0
539510,4
539519,0
539528,1
539542,0
539558,4
539566,3
539611,0
539625,0
539627,0
539637,4
539648,0
539656,0
539669,0
539671,0
539710,0
539729,0
539782,0
539794,1
539855,0
539864,0
539866,0
539868,0
539883,0
539888,0
539899,0
539912,0
539916,0
539917,0
539919,0
539936,0
539953,0
539962,0
540014,0
540029,3
540043,0
540094,0
540138,0
540147,3
540150,0
540180,4
540199,4
540226,0
540244,0
540252,0
540253,0
540260,0
540302,0
540306,0
540308,0
540319,0
540347,4
540348,3
540413,0
540415,0
540444,0
540455,0
540475,0
540502,0
540527,0
540557,3
540572,0
540580,0
540597,0
540605,3
540614,1
540622,0
540642,0
540652,0
540653,0
540654,0
540656,0
540664,0
540666,0
540698,0
540708,0
540718,0
540733,0
540777,0
540819,3
540837,0
540857,0
540863,0
540924,0
540941,0
540966,0
540973,0
540974,0
541001,0
541034,0
541040,0
541041,0
541047,0
541061,0
541083,0
541084,0
541112,0
541132,0
541150,0
541162,0
541168,3
541176,0
541193,0
541216,3
541224,0
541235,4
541236,0
541240,0
541249,4
541259,0
541262,3
541282,3
541289,0
541326,0
541352,0
541357,3
541382,0
541389,0
541438,0
541454,3
541497,0
541505,0
541516,3
541539,0
541540,0
541612,0
541649,4
541672,0
541699,0
541700,3
541734,4
541735,0
541752,0
541764,0
541812,3
541878,0
541901,4
541906,0
541921,0
541923,0
541931,0
541939,0
541967,0
541972,0
541980,0
541988,0
541998,0
541999,0
542012,0
542015,0
542027,4
542036,0
542056,0
542059,3
542065,3
542080,0
542095,0
542142,0
542153,0
542189,0
542194,0
542196,0
542208,3
542230,0
542254,0
542267,0
542270,0
542277,0
542282,4
542303,0
542316,0
542326,0
542334,0
542358,0
542366,0
542383,0
542418,0
542451,0
542471,0
542482,0
542570,0
542585,4
542605,0
542638,0
542657,3
542658,0
542663,0
542670,0
542706,0
542752,0
542760,0
542767,0
542795,0
542796,3
542805,0
542812,4
542815,0
542825,0
542843,0
542850,0
542857,0
542874,0
542914,0
542918,0
542937,0
542965,0
542976,0
543008,0
543038,0
543052,0
543074,0
543075,0
543081,0
543114,0
543126,0
543165,0
543222,3
543237,3
543240,0
543271,0
543273,0
543304,4
543306,4
543327,0
543339,0
543352,0
543375,0
543385,3
543428,0
543437,0
543476,0
543497,0
543557,0
543559,0
543618,0
543620,0
543659,3
543660,0
543666,0
543668,0
543671,4
543694,0
543696,0
543713,0
543716,0
543723,0
543728,0
543778,3
543810,3
543816,0
543817,0
543826,0
543885,0
543900,0
543927,4
543928,0
543937,0
543952,0
543968,4
543976,0
544002,0
544008,0
544012,0
544015,0
544043,0
544163,0
544207,0
544254,1
544256,0
544271,0
544333,0
544364,0
544367,0
544391,0
544406,3
544414,0
544425,0
544444,0
544447,0
544449,4
544469,0
544472,0
544476,0
544480,4
544495,0
544497,0
544507,0
544513,0
544536,0
544549,0
544595,3
544604,0
544627,0
544640,0
544647,0
544680,0
544683,0
544685,0
544694,0
544698,0
544747,4
544749,0
544818,1
544839,0
544868,0
544926,4
545010,0
545011,4
545012,0
545063,0
545070,0
545089,0
545109,0
545115,0
545132,0
545208,0
545209,0
545226,0
545247,0
545249,0
545264,0
545272,3
545281,0
545290,4
545300,0
545317,4
545318,3
545327,0
545344,0
545345,0
545360,0
545375,4
545399,0
545404,0
545446,0
545465,0
545510,4
545518,0
545551,0
545577,0
545629,0
545633,3
545634,0
545652,0
545684,0
545736,1
545745,0
545748,0
545754,0
545755,4
545758,3
545763,0
545770,0
545771,0
545803,0
545805,4
545810,0
545848,0
545865,4
545879,0
545936,3
545939,0
545958,0
545981,0
546008,0
546050,0
546061,3
546064,3
546065,0
546072,0
546121,0
546127,0
546130,0
546131,0
546161,0
546164,0
546190,0
546224,0
546256,3
546280,0
546282,0
546307,0
546334,0
546395,0
546399,0
546419,4
546437,0
546462,4
546470,0
546485,0
546509,0
546529,3
546587,0
546612,0
546648,3
546664,0
546671,0
546679,0
546688,0
546702,0
546728,0
546740,0
546756,0
546774,0
546842,0
546844,3
546847,4
546857,0
546864,3
546867,4
546881,0
546882,0
546884,0
546888,4
546900,0
546937,0
546964,3
546972,3
547006,0
547007,0
547037,0
547070,4
547100,0
547130,0
547150,0
547164,0
547175,0
547180,0
547181,0
547201,0
547266,0
547301,0
547320,0
547325,0
547336,0
547342,0
547412,0
547453,0
547458,4
547459,0
547483,0
547512,0
547555,0
547559,3
547568,0
547594,0
547606,0
547613,0
547617,0
547663,0
547664,0
547693,3
547761,0
547776,4
547779,3
547792,3
547817,0
547823,0
547825,0
547834,0
547836,0
547857,0
547862,0
547878,1
547911,0
547938,0
547951,3
547966,0
547997,0
548006,3
548022,0
548032,0
548037,0
548040,0
548093,0
548109,0
548113,0
548120,3
548123,0
548185,0
548189,0
548190,0
548193,0
548222,0
548228,0
548230,0
548256,0
548258,3
548272,0
548307,0
548310,0
548391,0
548408,4
548422,3
548434,4
548448,0
548474,0
548488,0
548490,0
548504,0
548560,0
548568,0
548587,0
548635,0
548651,3
548653,4
548672,4
548708,4
548743,4
548853,0
548859,4
548872,0
548961,0
548967,0
548978,4
548988,3
548990,0
549058,3
549115,0
549116,0
549121,0
549141,0
549152,0
549154,0
549190,0
549202,4
549235,4
549251,0
549274,0
549281,0
549290,0
549292,0
549293,0
549303,4
549313,0
549320,0
549357,0
549359,0
549361,3
549366,0
549367,0
549377,0
549389,0
549390,0
549450,0
549466,0
549472,0
549482,4
549515,4
549569,0
549572,0
549579,0
549580,0
549584,0
549608,0
549611,0
549623,0
549631,0
549710,0
549714,3
549733,0
549746,4
549759,0
549764,3
549777,0
549797,0
549800,0
549850,0
549894,0
549938,3
549988,0
549992,0
550017,0
550019,4
550022,0
550028,0
550068,0
550071,4
550077,0
550105,0
550110,0
550134,4
550193,0
550200,0
550202,0
550221,3
550222,0
550229,0
550233,0
550298,0
550300,0
550317,4
550400,1
550421,0
550426,0
550442,0
550455,0
550459,0
550460,4
550482,0
550506,4
550514,4
550572,0
550579,1
550599,0
550627,0
550703,0
550711,0
550752,0
550754,0
550796,3
550804,0
550805,0
550830,0
550868,0
550871,0
550887,0
550904,3
550973,0
550985,0
551023,0
551032,0
551042,3
551051,0
551088,0
551116,0
551166,0
551210,0
551211,0
551217,3
551237,0
551241,0
551245,0
551278,0
551282,0
551331,0
551340,0
551359,0
551430,0
551431,0
551448,3
551468,0
551473,0
551486,0
551488,0
551501,0
551549,0
551560,0
551567,0
551576,0
551600,0
551615,0
551620,3
551622,0
551627,0
551662,0
551665,0
551671,0
551681,0
551685,0
551718,0
551729,0
551804,4
551834,0
551847,0
551890,0
551908,0
551914,0
551935,0
551963,4
551967,3
551978,0
551990,0
552036,0
552088,3
552165,0
552172,0
552192,0
552209,3
552302,0
552303,0
552313,0
552314,3
552345,0
552348,4
552363,4
552364,0
552366,1
552372,0
552384,0
552414,0
552432,0
552440,0
552473,0
552487,0
552506,3
552532,0
552535,0
552558,0
552573,0
552597,0
552598,0
552613,0
552623,0
552642,4
552643,0
552649,3
552653,0
552661,0
552726,0
552732,0
552734,0
552760,0
552763,0
552775,0
552809,4
552861,0
552904,0
552929,0
552944,0
552945,0
553017,0
553054,0
553139,3
553151,0
553208,0
553219,0
553220,0
553231,0
553245,0
553339,0
553361,0
553456,0
553533,0
553559,0
553568,0
553607,0
553631,0
553633,0
553645,0
553664,4
553690,0
553704,3
553743,0
553751,0
553754,0
553773,0
553783,0
553791,0
553805,0
553876,3
553901,3
553904,0
553938,0
553943,0
553955,0
553967,0
553984,0
553985,0
554026,4
554079,0
554141,0
554155,0
554163,0
554175,0
554202,0
554213,0
554217,0
554269,0
554284,0
554289,0
554299,0
554357,0
554413,0
554444,0
554450,0
554507,0
554532,0
554560,3
554609,0
554632,0
554670,3
554681,0
554724,0
554753,0
554801,0
554853,0
554866,0
554885,4
554922,0
554939,0
554949,0
554956,3
554961,0
555030,0
555058,0
555075,0
555083,0
555108,0
555135,4
555147,0
555151,0
555180,0
555186,4
555187,0
555191,0
555193,0
555203,0
555206,0
555250,0
555257,3
555275,0
555277,0
555299,0
555301,0
555310,4
555326,0
555334,0
555418,0
555428,0
555478,3
555484,0
555492,0
555499,0
555521,3
555563,0
555587,0
555600,4
555648,3
555656,0
555698,0
555710,0
555712,0
555751,0
555770,0
555773,0
555782,0
555784,0
555796,0
555818,0
555850,0
555852,0
555894,4
555934,0
555960,0
555990,0
555997,0
556015,0
556019,0
556043,0
556052,0
556067,4
556111,4
556119,0
556127,0
556138,0
556199,0
556214,0
556215,0
556268,0
556274,0
556314,0
556347,0
556391,0
556395,0
556417,0
556533,0
556579,0
556621,0
556622,0
556623,3
556647,3
556673,0
556714,3
556744,3
556824,0
556827,0
556830,0
556841,0
556887,4
556900,0
556904,3
556906,0
557005,0
557010,0
557033,0
557036,0
557055,0
557107,4
557108,0
557118,0
557134,4
557236,0
557248,0
557262,0
557282,3
557298,0
557307,0
557314,3
557343,0
557402,0
557449,0
557476,0
557492,0
557496,0
557508,4
557525,0
557562,0
557569,0
557643,0
557672,0
557692,0
557726,3
557762,0
557794,0
557799,0
557815,0
557834,0
557851,4
557875,0
557876,0
557879,0
557887,0
557921,0
557932,3
557956,0
557957,0
557963,0
557986,0
557992,0
558018,0
558019,0
558081,0
558114,0
558138,3
558147,0
558202,3
558204,0
558251,3
558270,0
558277,0
558294,0
558300,0
558362,0
558388,3
558394,0
558395,0
558437,0
558466,0
558489,0
558506,0
558513,0
558651,0
558659,0
558682,4
558774,0
558786,0
558838,4
558851,0
558852,0
558919,0
558920,3
558966,0
558987,0
558988,3
559068,0
559071,0
559093,0
559094,0
559107,3
559112,0
559146,0
559148,0
559164,0
559176,0
559194,0
559211,0
559226,0
559228,0
559266,0
559277,4
559324,0
559345,0
559368,0
559407,3
559432,0
559441,0
559461,0
559464,0
559465,0
559468,0
559469,0
559473,0
559520,0
559537,0
559547,0
559661,0
559695,0
559712,0
559758,0
559772,0
559775,0
559782,4
559787,0
559794,0
559832,0
559834,0
559846,3
559863,0
559901,0
559918,0
559936,0
559981,3
559995,0
560015,0
560035,0
560065,3
560078,0
560085,0
560090,0
560125,0
560175,0
560195,0
560213,0
560245,0
560257,0
560273,0
560279,0
560291,3
560341,0
560362,0
560367,0
560374,3
560433,0
560468,0
560478,0
560495,0
560497,0
560508,0
560511,3
560519,0
560529,0
560627,0
560672,4
560680,0
560723,0
560733,0
560739,0
560747,0
560796,0
560803,3
560854,0
560870,0
560888,0
560897,0
560915,0
560929,0
560948,0
560949,0
560978,0
560991,0
561013,0
561031,0
561033,0
561037,0
561044,0
561054,0
561156,0
561201,0
561243,0
561288,0
561326,0
561331,0
561333,0
561339,0
561353,0
561367,0
561386,0
561503,3
561519,0
561642,4
561652,0
561653,0
561665,0
561687,0
561699,0
561707,0
561710,0
561798,0
561837,0
561846,0
561864,0
561896,0
561908,0
561945,0
561950,0
561992,0
561994,0
562010,0
562032,4
562042,3
562108,0
562148,3
562161,4
562192,0
562209,4
562238,0
562275,3
562283,0
562315,3
562334,0
562338,0
562362,0
562398,3
562416,3
562417,0
562428,0
562490,0
562516,0
562529,4
562576,0
562585,0
562587,0
562612,0
562641,4
562648,0
562708,0
562814,0
562832,3
562843,0
562869,0
562886,0
562888,0
562894,0
563012,0
563021,0
563052,0
563059,1
563100,0
563148,0
563162,0
563165,0
563201,0
563221,0
563253,4
563254,0
563266,0
563315,4
563335,0
563340,0
563342,0
563343,0
563375,3
563410,0
563425,0
563482,0
563483,4
563489,1
563507,3
563544,0
563588,0
563592,0
563598,0
563679,0
563691,0
563711,0
563731,3
563735,3
563736,0
563740,0
563773,0
563787,0
563831,0
563853,0
563882,0
563896,0
563956,0
563974,0
563995,0
564052,0
564100,3
564101,0
564112,3
564182,3
564204,0
564219,0
564234,0
564252,0
564258,0
564306,3
564312,0
564364,0
564369,0
564377,0
564430,0
564434,0
564495,0
564498,0
564517,0
564534,4
564588,0
564593,3
564596,0
564604,0
564606,0
564616,0
564620,3
564699,0
564713,0
564736,4
564737,0
564792,0
564822,0
564842,0
564854,0
564962,0
565056,0
565070,0
565076,0
565109,3
565114,0
565131,0
565212,0
565240,0
565251,4
565265,0
565275,3
565280,0
565294,0
565301,0
565348,0
565365,0
565377,0
565387,0
565419,0
565459,3
565460,0
565464,0
565467,0
565487,0
565508,0
565510,0
565511,0
565514,0
565565,0
565573,0
565582,3
565601,0
565718,0
565755,0
565764,0
565768,0
565791,3
565826,0
565827,0
565841,0
565902,0
565910,0
565912,3
565915,0
565935,3
565949,0
566002,0
566008,4
566032,0
566044,0
566059,4
566061,0
566096,0
566097,0
566152,3
566173,0
566174,0
566196,0
566275,0
566279,0
566312,0
566336,0
566338,3
566366,0
566424,0
566432,0
566455,0
566456,0
566489,0
566533,0
566547,0
566592,0
566614,0
566625,4
566626,0
566650,0
566682,0
566702,0
566726,0
566735,0
566749,0
566762,4
566770,3
566787,0
566815,0
566861,0
566875,0
566881,3
566953,0
566964,0
566992,0
566996,0
566998,0
566999,0
567052,0
567061,0
567114,0
567172,0
567195,0
567211,0
567219,0
567243,0
567245,0
567256,0
567342,0
567390,0
567431,0
567432,4
567448,0
567458,0
567478,4
567518,0
567547,0
567548,0
567558,0
567563,0
567589,0
567643,4
567651,0
567682,0
567778,0
567824,0
567849,0
567885,0
567906,0
567943,0
567950,0
567961,0
568004,0
568013,0
568060,0
568064,0
568078,0
568086,0
568093,0
568101,0
568105,0
568121,0
568155,0
568167,0
568182,0
568258,4
568325,0
568371,0
568385,0
568416,0
568463,0
568486,3
568513,0
568536,0
568602,0
568605,0
568641,0
568696,0
568713,0
568716,0
568773,0
568790,0
568917,0
568931,0
568970,0
568984,0
569031,0
569082,0
569107,0
569150,0
569170,0
569180,0
569203,0
569236,0
569239,4
569243,3
569300,4
569335,0
569342,0
569364,4
569458,0
569466,0
569472,0
569530,0
569534,0
569572,3
569643,0
569733,0
569754,0
569779,0
569788,0
569792,0
569817,0
569829,4
569832,0
569863,3
569883,4
569920,0
569923,0
570021,0
570076,0
570144,0
570162,3
570215,3
570219,0
570224,0
570226,0
570242,0
570279,0
570291,4
570329,0
570330,0
570346,0
570369,4
570418,0
570436,0
570439,4
570600,0
570601,0
570625,0
570626,0
570631,3
570639,4
570654,0
570666,0
570683,0
570692,0
570693,0
570697,0
570713,0
570746,4
570750,0
570782,0
570821,0
570829,0
570837,0
570862,0
570928,0
570930,0
570945,0
570961,0
570988,0
571001,0
571015,4
571084,3
571200,3
571208,0
571233,0
571243,4
571251,0
571300,3
571348,0
571363,0
571429,0
571454,0
571523,0
571525,0
571553,3
571560,3
571561,0
571566,3
571580,0
571610,0
571637,0
571639,0
571643,0
571757,0
571819,0
571864,3
571876,0
571888,3
571913,4
571940,4
572106,0
572133,0
572154,0
572176,0
572214,0
572290,0
572396,0
572397,0
572428,0
572479,0
572489,3
572502,0
572529,0
572538,0
572554,0
572578,0
572591,0
572609,0
572632,4
572669,0
572728,0
572744,0
572826,0
572870,0
572898,4
572908,0
572932,0
572992,0
573010,3
573011,0
573040,0
573086,0
573122,0
573147,0
573153,0
573189,0
573191,1
573237,0
573244,0
573249,4
573291,3
573365,1
573373,0
573378,0
573379,3
573420,3
573423,0
573427,0
573493,0
573518,0
573564,0
573584,0
573588,0
573621,0
573648,0
573670,0
573698,0
573704,3
573719,0
573720,0
573792,0
573807,0
573841,0
573922,3
573926,0
573931,0
573939,0
573946,3
573988,0
574003,3
574071,0
574104,3
574116,0
574134,0
574150,4
574206,0
574279,0
574362,0
574409,0
574419,0
574440,0
574465,0
574467,0
574489,0
574493,0
574513,0
574603,4
574625,0
574680,0
574794,0
574840,3
574885,0
574909,0
574987,0
575051,0
575055,0
575092,0
575131,0
575208,0
575233,0
575253,0
575299,3
575419,4
575433,0
575459,3
575500,0
575528,0
575554,0
575561,0
575576,0
575677,0
575692,0
575711,0
575733,0
575756,0
575774,0
575809,0
575823,3
575868,0
575908,0
575923,0
575964,0
575971,4
576040,0
576103,0
576136,4
576159,0
576169,4
576231,0
576272,0
576357,0
576366,0
576369,0
576370,0
576373,3
576541,0
576612,0
576663,0
576668,0
576677,0
576691,0
576712,0
576765,0
576785,0
576833,3
576846,0
576849,0
576879,0
576922,0
576945,0
576962,0
576966,0
576985,3
577007,3
577044,0
577046,0
577074,0
577089,0
577115,0
577145,0
577180,3
577208,0
577215,0
577216,4
577225,0
577255,0
577287,0
577356,0
577381,0
577386,0
577410,0
577534,3
577539,0
577541,0
577598,1
577617,3
577625,0
577626,4
577638,3
577643,0
577667,0
577682,0
577851,0
577901,0
577915,0
577921,0
577930,4
577944,0
577984,0
578058,0
578088,0
578120,0
578164,0
578396,0
578459,0
578488,0
578503,0
578511,0
578549,0
578607,0
578824,0
578866,0
578872,0
578886,0
578892,3
578929,0
578938,0
578947,0
578993,0
579021,0
579040,0
579065,0
579230,0
579275,0
579307,0
579323,0
579404,0
579503,0
579547,0
579589,0
579707,0
579714,0
579783,0
579792,3
579804,0
579829,0
579846,0
579950,3
579971,0
579999,0
580026,0
580077,0
580211,0
580212,4
580402,0
580460,0
580515,3
580578,0
580611,0
580622,0
580626,0
580658,0
580895,0
580902,0
580944,4
580971,0
581005,0
581085,0
581086,0
581091,0
581110,0
581111,0
581120,0
581239,0
581269,0
581307,0
581343,0
581365,0
581385,0
581388,0
581409,0
581412,0
581438,0
581461,0
581491,0
581527,0
581577,0
581595,0
581666,0
581679,0
581685,0
581721,0
581729,0
581770,0
581835,3
581858,0
581901,3
582002,0
582011,3
582038,0
582190,0
582227,3
582241,0
582254,0
582319,0
582320,0
582326,0
582333,4
582343,0
582446,3
582482,0
582484,0
582577,0
582586,0
582636,0
582664,0
582723,3
582729,0
582768,0
582785,0
582796,0
582801,0
582828,4
582833,0
582903,0
582979,3
582995,0
583016,0
583023,0
583038,0
583052,3
583070,0
583087,0
583120,0
583134,0
583166,0
583190,0
583200,3
583297,0
583335,0
583336,0
583342,0
583446,3
583454,0
583483,3
583486,0
583490,0
583499,0
583526,0
583612,0
583623,0
583664,0
583759,0
583764,0
583931,0
583955,0
583976,4
584001,0
584012,0
584030,0
584034,0
584115,0
584134,0
584185,0
584217,0
584241,0
584247,0
584288,3
584423,0
584459,0
584525,0
584530,3
584531,0
584537,0
584549,3
584591,0
584666,0
584787,0
584843,0
584844,3
584875,0
584912,0
584977,0
584998,0
585138,0
585169,0
585187,3
585231,0
585248,0
585250,0
585310,0
585361,0
585492,3
585522,0
585583,0
585585,4
585595,0
585650,4
585717,0
585722,0
585745,0
585768,0
585832,0
585882,0
585915,0
585946,0
585965,0
585986,0
586006,0
586038,4
586063,0
586077,0
586096,4
586122,0
586124,0
586192,0
586251,0
586257,0
586270,0
586272,0
586312,4
586344,0
586357,0
586384,4
586458,0
586471,0
586631,0
586637,0
586644,0
586656,0
586672,0
586701,0
586721,0
586732,0
586762,3
586774,0
586803,0
586811,0
586820,4
586829,0
586850,0
586876,0
586887,0
586936,0
586953,0
587134,3
587195,0
587233,0
587234,0
587304,0
587313,0
587373,0
587459,0
587470,0
587483,0
587538,0
587577,0
587601,0
587642,0
587675,0
587698,0
587753,0
587754,0
587802,3
587810,3
587899,0
588013,0
588048,0
588103,0
588313,0
588355,0
588370,4
588386,0
588391,0
588414,0
588497,0
588507,0
588526,0
588560,0
588582,0
588677,0
588732,3
588797,1
588820,4
588893,0
588919,0
588970,0
589008,0
589121,0
589140,0
589154,0
589162,0
589164,0
589171,0
589228,3
589259,0
589306,0
589311,0
589404,0
589405,0
589414,0
589489,3
589539,0
589630,0
589650,3
589758,0
589775,0
589812,0
589822,0
589868,0
589884,0
589977,3
589995,0
590014,0
590040,4
590077,4
590095,0
590103,0
590123,0
590130,4
590163,0
590202,3
590227,0
590230,0
590379,0
590394,0
590397,0
590400,0
590404,0
590412,0
590420,3
590429,0
590434,0
590442,0
590468,0
590471,0
590473,0
590558,4
590659,0
590697,0
590744,0
590829,0
590843,0
590905,0
590922,0
590954,0
590967,0
590981,0
591003,0
591063,0
591097,4
591155,0
591255,0
591271,0
591328,0
591381,0
591433,3
591478,0
591582,3
591593,0
591599,0
591714,0
591746,0
591835,0
591888,4
592035,3
592079,0
592082,0
592118,0
592132,0
592158,0
592221,0
592366,4
592371,0
592372,0
592378,0
592399,3
592403,3
592445,0
592491,0
592598,0
592707,0
592792,0
592833,4
592886,0
592929,0
592958,0
593020,0
593047,0
593244,0
593350,0
593385,3
593386,0
593398,0
593401,0
593494,0
593536,0
593632,3
593672,1
593719,0
593786,3
593804,0
593833,0
593910,0
594000,0
594027,3
594042,0
594103,0
594123,0
594146,0
594188,0
594238,0
594240,0
594406,0
594410,0
594446,1
594449,0
594503,0
594516,0
594601,0
594644,0
594695,0
594737,0
594824,0
594875,0
594892,0
594914,0
594948,0
594985,0
595026,0
595087,0
595122,0
595123,3
595126,1
595171,0
595183,0
595184,0
595257,0
595283,0
595284,0
595386,3
595414,0
595431,0
595442,0
595506,0
595527,0
595587,0
595624,0
595626,3
595690,0
595740,0
595852,0
595861,0
595897,0
595958,0
596103,0
596153,3
596186,0
596220,0
596222,0
596320,0
596329,0
596335,0
596349,0
596361,0
596409,0
596442,0
596505,3
596559,0
596611,0
596732,0
596820,0
596856,0
596863,0
597003,0
597010,0
597029,0
597300,0
597410,0
597434,0
597498,0
597510,0
597662,0
597734,0
597836,0
597878,0
597946,0
597948,0
597954,4
597955,0
598069,3
598075,0
598185,0
598233,0
598265,0
598276,0
598306,0
598526,0
598533,3
598590,0
598687,0
598691,0
598692,0
598715,0
598832,0
598881,0
598911,4
598945,0
599065,0
599239,0
599244,0
599311,0
599335,0
599348,0
599437,0
599454,3
599649,4
599651,0
599657,0
599765,3
599790,0
599833,0
599909,0
599927,3
599999,0
600011,0
600018,4
600057,0
600078,0
600163,0
600265,0
600287,0
600304,0
600351,0
600395,0
600444,3
600515,0
600561,0
600605,3
600648,0
600690,3
600750,0
600796,0
600833,0
600842,0
600886,4
600926,0
600930,0
601094,0
601104,0
601116,0
601158,0
601282,0
601582,0
601673,0
601882,0
601894,0
601917,3
602120,0
602190,0
602323,0
602433,4
602476,4
602478,0
602598,0
602656,3
602734,0
602748,0
602769,0
602793,0
602827,4
602918,0
602921,0
602925,0
602946,0
602953,0
602962,0
603033,3
603053,3
603100,0
603160,0
603221,0
603278,0
603296,3
603341,0
603345,0
603440,0
603515,0
603592,0
603635,0
603715,0
603809,0
603875,0
603883,0
604136,0
604355,4
604388,0
604592,0
604617,0
604664,0
604688,4
604804,0
604840,0
604916,0
604982,3
605004,0
605096,0
605136,0
605308,0
605311,0
605439,0
605494,0
605558,0
605578,0
605607,0
605615,0
605619,0
605776,0
605780,0
605878,0
605943,0
605945,0
606041,0
606060,0
606094,0
606161,0
606283,0
606290,0
606333,4
606362,0
606456,0
606568,0
606635,0
606648,0
606762,0
606862,3
606930,3
607017,0
607028,0
607152,3
607197,1
607270,0
607280,0
607350,0
607524,0
607626,0
607706,0
607799,0
607931,3
607949,0
607998,0
608039,0
608086,0
608287,0
608296,0
608343,0
608478,0
608520,3
608521,0
608629,3
608725,0
608727,0
608764,0
608786,0
608820,0
608823,0
608860,0
608866,4
608970,0
609051,3
609102,0
609167,3
609221,0
609228,0
609230,0
609236,3
609240,0
609243,0
609262,3
609393,0
609413,0
609673,3
609683,0
609720,0
609763,0
609800,0
609817,0
609838,0
609868,0
610144,0
610226,0
610280,0
610294,0
610306,0
610338,0
610395,0
610474,0
610482,0
610492,4
610530,0
610670,0
610763,0
610793,0
610806,4
610905,0
610909,3
611031,0
611065,0
611087,4
611126,0
611177,0
611251,0
611350,0
611371,4
611583,0
611839,0
611852,0
611887,0
611954,4
612002,0
612128,4
612175,0
612220,1
612226,0
612236,3
612562,0
612685,0
612797,4
612812,0
612976,0
613164,0
613252,0
613275,0
613383,0
613386,0
613442,4
613655,0
613874,1
613921,0
613941,3
614033,3
614092,0
614111,0
614165,0
614311,0
614412,0
614549,0
614595,0
614632,0
614668,0
614748,0
614793,3
614814,0
614828,0
614846,0
614918,0
614933,0
615006,0
615266,0
615307,0
615489,3
615544,0
615674,0
615749,0
615783,0
615881,0
615922,0
616086,0
616125,0
616222,3
616461,0
616470,0
616491,0
616518,0
616692,0
616715,0
616718,3
616734,0
616752,0
616789,0
616795,0
616802,0
616950,0
616992,0
617052,0
617125,0
617199,0
617402,0
617407,3
617458,0
617506,0
617606,0
617743,0
617878,4
617964,0
617990,0
617994,0
618063,0
618088,0
618157,0
618181,0
618201,3
618230,0
618266,4
618308,4
618343,0
618392,0
618418,4
618429,4
618535,0
618642,0
618664,0
618759,0
618780,0
618815,0
618881,0
619079,0
619109,0
619218,0
619321,3
619362,0
619432,0
619520,0
619615,0
619918,0
619938,0
619971,0
619983,0
619988,0
620033,0
620274,3
620300,0
620382,0
620394,0
620453,0
620690,0
620719,0
620884,0
620972,0
620991,0
621072,0
621081,3
621085,0
621113,0
621150,0
621291,0
621552,0
621607,0
621665,3
621811,0
621849,0
621922,0
622149,0
622248,0
622293,3
622343,0
622418,3
622464,0
622708,3
622813,0
623043,0
623077,0
623087,0
623142,0
623417,0
623691,0
623750,0
623815,0
623850,0
623935,0
623941,3
623949,0
623972,0
624198,0
624215,0
624258,0
624497,0
624593,0
624636,0
624762,3
624913,4
625030,0
625089,4
625398,0
625400,0
625555,0
625597,0
625700,0
625703,0
625984,0
626037,0
626067,0
626114,0
626249,0
626318,4
626329,0
626519,0
626520,0
626558,0
626587,0
626645,1
626986,0
627041,0
627158,0
627176,0
627436,0
627451,0
627475,0
627518,0
627617,0
627729,0
627889,0
627893,3
627972,0
628023,0
628033,3
628570,3
628653,0
628671,0
628694,0
628752,0
628762,0
629345,0
629647,0
629701,0
629725,3
629747,0
629803,4
629812,0
629877,0
629952,0
630039,0
630097,0
630176,0
630178,0
630267,0
630607,0
630609,0
630694,0
630738,0
630992,0
631174,0
631201,4
631319,0
631384,0
631388,0
631448,0
631477,0
631787,3
631872,0
631970,0
631975,0
631993,0
632136,0
632239,0
632316,3
632425,0
632461,0
632475,0
632631,4
632665,0
632749,0
632866,0
632965,0
632988,4
633183,4
633195,0
633235,0
633314,4
633406,0
633725,4
633972,0
634130,0
634601,0
634739,0
634795,0
634824,0
635249,0
635300,4
635303,0
635375,0
635442,4
635576,0
635587,0
635666,1
635790,0
635861,0
635949,0
636078,3
636102,4
636251,0
636520,3
636524,0
636526,3
636739,0
636873,0
636874,3
636966,0
637075,0
637086,0
637421,0
637457,0
637555,0
637633,0
637687,0
638140,0
638162,0
638237,0
638565,0
638576,0
638580,0
638598,0
638600,0
638874,0
639009,0
639168,0
639458,3
639510,3
639554,0
639571,0
639894,0
640451,0
640580,0
640649,0
640689,0
640715,3
640849,0
640867,0
640968,0
641012,0
641102,0
641106,4
641310,0
641364,4
641529,0
641537,0
642215,0
642344,4
642364,0
642553,0
642578,0
642679,0
642786,0
642820,0
643324,0
643344,3
643359,0
643469,0
643645,3
643714,0
643929,0
644438,0
644467,0
644639,0
644784,0
644870,4
645022,0
645047,0
645168,1
645415,0
645488,0
645664,0
645685,0
645933,0
645939,0
646127,0
646197,0
646257,0
646259,0
646405,0
646424,0
646455,0
646933,0
646937,0
647016,0
647555,0
647597,0
647638,0
647662,0
647674,4
647804,4
647862,0
648201,0
648379,0
648852,3
648983,0
648990,0
649080,0
649081,0
649208,0
649378,0
649935,0
650049,0
650055,0
650079,0
650606,0
650901,3
651018,0
651030,3
651193,3
651201,0
651269,0
651274,0
651390,0
651491,0
651613,0
651675,4
651744,4
651805,0
651818,0
651828,0
651941,0
651960,0
652003,0
652040,3
652190,0
652359,0
652416,0
652527,0
652737,0
653197,0
653228,0
653281,0
653332,0
653640,1
653724,0
653838,0
653852,0
654233,0
654259,0
654395,0
654687,0
654913,0
655022,0
655051,0
655166,0
655300,0
655499,3
656150,0
656346,0
656422,0
656471,0
656560,0
656626,0
656708,0
656850,0
656873,0
656920,3
657122,0
657343,0
657514,0
657591,0
657629,0
657796,0
658234,0
658528,0
658774,0
659128,0
659161,0
659162,0
659360,0
659664,0
659744,0
659832,0
660110,0
660821,0
660894,0
660903,0
660959,0
661614,0
661639,0
661697,0
661930,0
662010,3
662535,0
662596,0
662750,0
663017,3
663376,0
663565,3
664084,0
664119,0
664401,3
664405,0
664617,0
664663,0
664998,1
665329,0
665397,0
665505,0
665593,0
665676,0
665746,0
665887,0
665892,4
665980,0
666049,0
666174,0
666292,0
666718,4
666942,0
667299,0
667536,0
667643,0
667718,3
667916,0
667929,0
667981,0
668083,0
668172,3
668677,0
668776,0
669140,0
669155,0
669329,0
669348,0
669356,0
669449,0
670471,0
670626,0
670971,0
671066,0
671151,0
671367,0
671368,0
671975,0
671999,0
672009,1
672112,3
672468,4
673076,0
673286,0
673874,0
674375,0
675053,0
675201,3
675594,0
676043,0
676373,0
676570,0
676707,0
676762,0
677209,0
677842,0
677896,0
678536,0
678547,0
678888,0
679040,4
679047,0
679066,0
679442,0
679611,0
679831,0
680424,0
680735,0
681050,0
681581,0
681720,0
682005,0
682247,0
683014,0
683663,0
683976,0
683978,0
684510,0
684521,4
684543,0
684764,0
684806,0
685594,0
685604,0
685958,0
686165,0
686408,0
686445,0
686509,3
686915,0
686920,0
688312,0
688600,0
689037,0
689374,0
689456,0
689624,0
689984,0
690420,0
690422,0
691334,0
691541,0
691546,4
692211,0
692510,4
693301,0
693729,0
693765,0
694265,0
695011,0
695094,0
695132,4
695307,0
695557,3
696475,0
697072,3
698291,0
698573,0
699040,0
699411,0
700028,0
700237,0
700289,0
700666,0
701565,0
702595,0
702877,0
703333,3
704652,0
704870,0
705215,0
705310,3
705984,0
707260,0
707402,0
707525,0
708887,0
709630,0
710489,0
710523,0
711391,0
713557,0
714166,0
714420,0
714504,0
714565,0
715059,0
716337,0
716801,0
717149,3
717546,0
720819,0
720860,0
721496,0
721552,0
721570,0
722828,0
722939,0
724581,0
725357,0
726953,0
727886,3
728820,0
730639,4
732729,0
733654,0
734565,3
735029,0
736075,0
736833,0
739139,0
739518,0
739734,0
741190,0
741773,0
741902,0
742639,3
743151,0
745292,0
746934,0
748759,0
750982,0
751545,4
752933,0
756030,3
756434,0
757930,3
760304,0
760793,0
763129,4
763792,0
765745,0
767426,0
768291,0
770252,0
774666,0
777366,0
777846,0
780167,0
785107,0
785186,0
792549,0
796032,3
801660,0
811077,0
844489,0
